{
  "hash": "1ca889e0",
  "browserHash": "ab46f516",
  "optimized": {
    "@angular/common": {
      "src": "../../../../../node_modules/@angular/common/fesm2022/common.mjs",
      "file": "@angular_common.js",
      "fileHash": "9c680ed7",
      "needsInterop": false
    },
    "@angular/core": {
      "src": "../../../../../node_modules/@angular/core/fesm2022/core.mjs",
      "file": "@angular_core.js",
      "fileHash": "09a74ec9",
      "needsInterop": false
    },
    "@angular/platform-browser": {
      "src": "../../../../../node_modules/@angular/platform-browser/fesm2022/platform-browser.mjs",
      "file": "@angular_platform-browser.js",
      "fileHash": "86035788",
      "needsInterop": false
    },
    "@angular/router": {
      "src": "../../../../../node_modules/@angular/router/fesm2022/router.mjs",
      "file": "@angular_router.js",
      "fileHash": "9bc0d48d",
      "needsInterop": false
    }
  },
  "chunks": {
    "chunk-EJZUQ4WJ": {
      "file": "chunk-EJZUQ4WJ.js"
    },
    "chunk-2LUOTJJP": {
      "file": "chunk-2LUOTJJP.js"
    },
    "chunk-KOXGXC6M": {
      "file": "chunk-KOXGXC6M.js"
    }
  }
}